20010806013025	http://littlescreen.co.uk:80/iforest/areas.htm
20010807230427	http://littlescreen.co.uk:80/iforest/clipping.htm
20010811080107	http://littlescreen.co.uk:80/iforest/Clipping1.gif
20020123071840	http://littlescreen.co.uk:80/iforest/foresthelp.htm
20020124094504	http://littlescreen.co.uk:80/iforest/iForest.pqa
20010830234424	http://littlescreen.co.uk:80/iforest/images/dragoncrop.jpg
20010804060317	http://littlescreen.co.uk:80/iforest/images/fairysmall.gif
20010831001024	http://littlescreen.co.uk:80/iforest/images/goblincrop.jpg
20011104043754	http://littlescreen.co.uk:80/iforest/images/jag.gif
20010610002126	http://www.littlescreen.co.uk:80/iforest/images/LittleScreenName.gif
20010611141434	http://www.littlescreen.co.uk:80/iforest/images/LittleScreenWarpedLogoSmallFunky.jpg
20010808213126	http://littlescreen.co.uk:80/iforest/images/livebutton.gif
20020313232535	http://littlescreen.co.uk:80/iforest/images/MansionPic.gif
20010808083033	http://littlescreen.co.uk:80/iforest/images/swordcrop.jpg
20020317045912	http://littlescreen.co.uk:80/iforest/images/townpic.gif
20010816053008	http://littlescreen.co.uk:80/iforest/images/trollcrop.jpg
20010602111021	http://www.littlescreen.co.uk:80/iforest/index.htm
20010818185207	http://littlescreen.co.uk:80/iforest/ins2.htm
20020126070459	http://littlescreen.co.uk:80/iforest/ins3.htm
20020305121047	http://littlescreen.co.uk:80/iforest/ins4.htm
20010918180932	http://littlescreen.co.uk:80/iforest/ins45.htm
20010818190328	http://littlescreen.co.uk:80/iforest/ins5.htm
20010919031314	http://littlescreen.co.uk:80/iforest/ins6.htm
20010807230741	http://littlescreen.co.uk:80/iforest/instructions.htm
20010802152021	http://littlescreen.co.uk:80/iforest/live.htm
20020309185955	http://littlescreen.co.uk:80/iforest/mountainhelp.htm
20010802151131	http://littlescreen.co.uk:80/iforest/news.htm
20011029151236	http://littlescreen.co.uk:80/iforest/play.htm
20010807232011	http://littlescreen.co.uk:80/iforest/rules.htm
20020208125957	http://littlescreen.co.uk:80/iforest/touristinfo.htm
20020313141806	http://littlescreen.co.uk:80/iforest/townhelp.htm
20020131221759	http://littlescreen.co.uk:80/iforest/valleyhelp.htm
20010806013848	http://littlescreen.co.uk:80/iforest/whattodo.htm
