20020126070459	http://littlescreen.co.uk:80/iforest/ins3.htm
20020305121047	http://littlescreen.co.uk:80/iforest/ins4.htm
20010918180932	http://littlescreen.co.uk:80/iforest/ins45.htm
20010818190328	http://littlescreen.co.uk:80/iforest/ins5.htm
20010919031314	http://littlescreen.co.uk:80/iforest/ins6.htm
20010807230741	http://littlescreen.co.uk:80/iforest/instructions.htm
20010802152021	http://littlescreen.co.uk:80/iforest/live.htm
20020309185955	http://littlescreen.co.uk:80/iforest/mountainhelp.htm
20010802151131	http://littlescreen.co.uk:80/iforest/news.htm
20011029151236	http://littlescreen.co.uk:80/iforest/play.htm
20010807232011	http://littlescreen.co.uk:80/iforest/rules.htm
20020208125957	http://littlescreen.co.uk:80/iforest/touristinfo.htm
20020313141806	http://littlescreen.co.uk:80/iforest/townhelp.htm
20020131221759	http://littlescreen.co.uk:80/iforest/valleyhelp.htm
20010806013848	http://littlescreen.co.uk:80/iforest/whattodo.htm
